delta,R,C,L,W,step
1,0.5626097232156421,0.04166666666666667,3.4555555555555557,0.0050646494870895875,2
4,0.5668679673083289,0.04166666666666667,3.461010101010101,0.006966144052342437,3
5,0.5686555676197219,0.04166666666666667,3.466060606060606,0.007679959443332212,4
32,0.5713428564397358,0.04166666666666667,3.465050505050505,0.016934260546754613,5
1,0.5715809331736218,0.04166666666666667,3.4676767676767675,0.016933892623065303,6
1,0.5752271481009441,0.04166666666666667,3.471111111111111,0.019387338869817066,7
2,0.5758426476856608,0.04147619047619048,3.4644444444444447,0.01010614266048792,8
27,0.580188169207362,0.04147619047619048,3.472121212121212,0.0044956483205984095,9
18,0.5807775898583871,0.04147619047619048,3.4696969696969697,0.00586012166613948,10
6,0.5838854591643653,0.04147619047619048,3.473939393939394,0.001343805722103175,11
1,0.5890695494866285,0.04147619047619048,3.4793939393939395,0.0022182772747376856,12
1,0.590183772935012,0.04180952380952381,3.50040404040404,0.012837038149911398,13
2,0.5988200894110896,0.042,3.509292929292929,0.02163878286440642,14
5,0.5999527677737668,0.042,3.4903030303030302,0.03675884144717006,15
5,0.6012092410694104,0.056333333333333326,3.4953535353535354,0.031865185776659616,16
3,0.6066226525717127,0.057,3.4971717171717174,0.032207816766458286,17
6,0.609552592851089,0.056666666666666664,3.5006060606060605,0.033230285565169736,18
8,0.613776277974856,0.056666666666666664,3.50989898989899,0.041931561602584586,19
1,0.6141020682883093,0.056666666666666664,3.4967676767676767,0.04152123949103934,20
5,0.6198665249157398,0.056666666666666664,3.4973737373737372,0.05077964015420522,21
11,0.6250461803434771,0.056666666666666664,3.491919191919192,0.032445065455062046,22
20,0.626614632084254,0.056666666666666664,3.4834343434343435,0.016975085479255903,23
17,0.6268124776932299,0.06642857142857142,3.4945454545454546,0.020481724164908104,24
5,0.6269568404371223,0.06476190476190476,3.4846464646464645,0.02934876686273472,25
9,0.62724157701874,0.0630952380952381,3.515151515151515,0.03536429611964321,26
1,0.6286340625866004,0.0630952380952381,3.512121212121212,0.035233391518435096,27
2,0.6307101435679611,0.06976190476190476,3.5216161616161616,0.029662425313664937,28
2,0.6315406445139665,0.08147619047619047,3.5424242424242425,0.010670735549409584,29
2,0.631935102560333,0.08147619047619047,3.5391919191919192,0.0007530444978442665,30
3,0.6330842873781982,0.08147619047619047,3.521010101010101,0.0192547087268688,31
8,0.6335642901889452,0.0818095238095238,3.521212121212121,0.015615757191806945,32
21,0.6361438706024994,0.09308730158730154,3.5185858585858587,0.020610780350276598,33
3,0.6384280862890628,0.09308730158730154,3.5183838383838384,0.019973026774962946,34
2,0.6386017298500126,0.07975396825396826,3.5084848484848483,0.019775706130418357,35
12,0.6388914845389487,0.07308730158730159,3.5090909090909093,0.028407438795635353,36
3,0.640804297846954,0.07308730158730159,3.5143434343434343,0.03470008009384887,37
9,0.6450367451976556,0.07308730158730159,3.5157575757575756,0.03470107320616057,38
23,0.6459221004489426,0.06975396825396826,3.5193939393939395,0.03327949145858261,39
4,0.6466468644752597,0.07384126984126985,3.5303030303030303,0.03317318535267491,40
6,0.6479304420681938,0.08050793650793649,3.5385858585858587,0.037698818443927966,41
10,0.6480110897241507,0.08184126984126981,3.5436363636363635,0.04184937542753735,42
2,0.6489039106817911,0.08850793650793648,3.5490909090909093,0.03703080050734054,43
29,0.6499761848566417,0.0918412698412698,3.555151515151515,0.03540882345644673,44
7,0.6505871047420356,0.0918412698412698,3.550909090909091,0.029182659655624537,45
23,0.6539407855355736,0.09217460317460313,3.551919191919192,0.028796635541433475,46
78,0.6550462552760717,0.09850793650793646,3.5545454545454547,0.027460699703721312,47
2,0.6570963193072975,0.09733333333333329,3.5454545454545454,0.0028742280470706915,48
10,0.6577362820184809,0.09666666666666662,3.5476767676767675,0.0036176896746739043,49
28,0.6587458431894533,0.0923333333333333,3.537979797979798,0.006827856346166675,50
17,0.6593376186273852,0.09899999999999995,3.545252525252525,0.009502501913538443,51
1,0.6628778463343526,0.09233333333333331,3.550707070707071,0.01682989296076841,52
1,0.6630803613904586,0.09233333333333331,3.5395959595959594,0.01591566360482668,53
6,0.6661522566940361,0.09233333333333331,3.528888888888889,0.015217770699740151,54
9,0.6688516499035962,0.09233333333333331,3.528888888888889,0.015217770699740151,55
7,0.6688516499035965,0.08566666666666667,3.5264646464646465,0.011932731688685116,56
9,0.6716572217081408,0.08528571428571428,3.5202020202020203,0.012280869647521722,57
1,0.67305640265763,0.08495238095238095,3.5175757575757576,0.0148363172336477,58
3,0.6796287447537929,0.08495238095238095,3.521212121212121,0.014755305391756714,59
8,0.6808086276821017,0.07876190476190478,3.524848484848485,0.02121122564653281,60
3,0.6809963299388477,0.07876190476190478,3.5317171717171716,0.012291378438186982,61
4,0.6834938490545578,0.07942857142857145,3.526060606060606,0.0336195605449985,62
1,0.6850971373831716,0.06814285714285714,3.51010101010101,0.016614711895055378,63
1,0.6857489709782315,0.067984126984127,3.5082828282828284,0.01631793170571234,64
7,0.6859276805320227,0.06817460317460318,3.5167676767676768,0.019134888572726837,65
7,0.6875432159279858,0.06345238095238095,3.521818181818182,0.019160017182163116,66
4,0.6891971804523517,0.07597619047619047,3.533333333333333,0.027586160357419367,67
7,0.6920219108675935,0.07764285714285714,3.5335353535353535,0.03680674052862557,68
4,0.6968212602876707,0.08025396825396826,3.5436363636363635,0.027174442213358952,69
13,0.6995202034631189,0.07725396825396824,3.5416161616161617,0.026896069117530837,70
1,0.7017144288680693,0.07792063492063492,3.54,0.026454746052065038,71
7,0.7027833667247265,0.07792063492063492,3.5383838383838384,0.027003904713675735,72
3,0.7031746556924692,0.08125396825396825,3.5505050505050506,0.005929919688878645,73
7,0.7033281972548704,0.07792063492063492,3.554141414141414,0.01337028913440855,74
5,0.7040362989433249,0.07125396825396825,3.554141414141414,0.011851704270027557,75
3,0.7051329850278557,0.06825396825396825,3.5515151515151517,0.008137967902499566,76
17,0.7052047334513033,0.06158730158730158,3.5644444444444443,0.0126890474045292,77
5,0.7063407291624882,0.062253968253968256,3.5757575757575757,0.005837713729706806,78
9,0.7102734079598725,0.05908730158730159,3.5650505050505052,0.005149821131383353,79
6,0.7113473761918335,0.053420634920634924,3.5632323232323233,0.005169081361566411,80
1,0.7116192555417591,0.053420634920634924,3.557777777777778,0.004517945444977954,81
2,0.7124228608200948,0.053420634920634924,3.5555555555555554,0.0035405651851317167,82
6,0.7156420818056529,0.04806349206349206,3.555151515151515,0.004297638995543123,83
1,0.7177865607030427,0.04806349206349206,3.5353535353535355,0.0009931139333070357,84
1,0.7202085026297266,0.04806349206349206,3.5424242424242425,-0.0016831445865022865,85
1,0.7202604268441537,0.04806349206349206,3.5486868686868687,0.0026131842689603884,86
22,0.7207200072130403,0.04806349206349206,3.545252525252525,-0.003729358894212634,87
5,0.7243895190959159,0.04806349206349206,3.542020202020202,-0.015786843356254524,88
2,0.7258475261868842,0.03573015873015873,3.5290909090909093,-0.0182465808101731,89
1,0.7298955358578968,0.03573015873015873,3.5284848484848483,-0.024121184461026887,90
5,0.7322837070023113,0.03773015873015873,3.5327272727272727,-0.02400530221701016,91
4,0.7326125490936891,0.0393968253968254,3.5383838383838384,-0.029699712928013502,92
1,0.7332650412814006,0.03873015873015874,3.5238383838383838,-0.032039637021670744,93
24,0.7376590236858477,0.03873015873015874,3.527070707070707,-0.017287091856333755,94
1,0.7396685246735104,0.04373015873015872,3.525252525252525,-0.01724592235247356,95
7,0.7400882825112722,0.04373015873015872,3.528080808080808,-0.015585426120807709,96
6,0.740567828557052,0.04206349206349205,3.532929292929293,-0.022594773416651212,97
3,0.7429203746171013,0.04206349206349205,3.5254545454545454,-0.0206308629120056,98
10,0.7439859915914719,0.04206349206349205,3.526060606060606,-0.002193473723372311,99
1,0.7451601775786861,0.044063492063492055,3.52989898989899,-0.003026092675993322,100
6,0.7453617470530052,0.044063492063492055,3.533333333333333,-0.0018981421463561353,101
6,0.7456229735826354,0.04387301587301587,3.5454545454545454,-0.022185100505303965,102
2,0.7469937850618374,0.04353968253968254,3.5454545454545454,-0.02106515633659134,103
7,0.7476737496983651,0.04353968253968254,3.533333333333333,-0.020738845300549057,104
1,0.747809302371052,0.04353968253968254,3.4973737373737372,-0.015785817576444018,105
6,0.7479630607799725,0.04187301587301587,3.506060606060606,-0.008711503864093749,106
1,0.7492948499639963,0.04187301587301587,3.4957575757575756,0.004260595650005361,107
2,0.7515792955070609,0.04187301587301587,3.489292929292929,-0.007189653451644675,108
3,0.7526588514792282,0.040206349206349204,3.473737373737374,-0.004324904466280751,109
1,0.7541434321324103,0.048817460317460315,3.4953535353535354,0.003692269433793855,110
2,0.7576793783930611,0.048817460317460315,3.4975757575757576,0.0008200641590041945,111
5,0.759264236863371,0.048817460317460315,3.502222222222222,0.0009685148717646414,112
6,0.7619274267277987,0.048817460317460315,3.524848484848485,-0.0015089049000617332,113
6,0.7636153574179092,0.04948412698412698,3.5143434343434343,-0.004476870596354758,114
8,0.764065092435297,0.04948412698412698,3.514747474747475,-0.010353096862155867,115
14,0.7657195263428327,0.04781746031746031,3.512121212121212,-0.011405527729792675,116
26,0.7665044870229862,0.060626984126984126,3.5163636363636366,-0.0005688462284457526,117
8,0.7667400865118532,0.060626984126984126,3.512929292929293,-0.0021602062807643597,118
13,0.766829472812388,0.060626984126984126,3.5135353535353535,-0.002555688850037355,119
20,0.7668378610662121,0.06088888888888889,3.5109090909090908,-0.012872879127355031,120
3,0.7677343459516437,0.06555555555555555,3.5109090909090908,-0.011917222552136645,121
5,0.7687995006514367,0.06555555555555555,3.5096969696969698,-0.014796367375452976,122
6,0.7699079813409143,0.06567460317460318,3.5167676767676768,-0.010149230382703137,123
13,0.7719077900106548,0.06567460317460318,3.505050505050505,-0.005464964865360834,124
7,0.7728109855604495,0.07367460317460316,3.5096969696969698,-0.00699690137719948,125
10,0.7743979583431453,0.07734126984126984,3.5228282828282826,-0.008036408118722709,126
8,0.7746462226876943,0.07886507936507937,3.5197979797979797,-0.006887517606251846,127
13,0.7756326077428692,0.07886507936507937,3.5234343434343436,-0.007544088080715484,128
2,0.7759090765535355,0.07886507936507937,3.5115151515151517,-0.005883120746351788,129
8,0.7776158504807829,0.07886507936507937,3.5153535353535355,-0.008021999001332002,130
23,0.7776995561972714,0.07886507936507937,3.505252525252525,-0.009598664135516464,131
4,0.7793383364810847,0.07886507936507937,3.4967676767676767,-0.00724072770899806,132
9,0.7797172931176107,0.07894444444444444,3.5076767676767675,-0.010670081957834069,133
2,0.7798531395176663,0.07894444444444444,3.5032323232323233,-0.011283665245085178,134
1,0.7805311163973876,0.07561111111111112,3.501818181818182,-0.005849599347415871,135
5,0.7813189668649322,0.07561111111111112,3.504040404040404,-0.003752643025932266,136
4,0.7816243556605107,0.07561111111111112,3.492121212121212,-0.0035763852070750213,137
2,0.7827535016066837,0.07561111111111112,3.5076767676767675,0.01054763331894077,138
4,0.7857488247896874,0.07394444444444444,3.518181818181818,0.00881131786229514,139
1,0.7871711364806531,0.07394444444444444,3.516969696969697,0.018455099781627488,140
4,0.7879833645563841,0.07394444444444444,3.5117171717171716,0.03418563783437164,141
4,0.7886859234043684,0.07394444444444445,3.5161616161616163,0.02270581667082793,142
1,0.7917108771463058,0.0837063492063492,3.515959595959596,0.025178255442771705,143
10,0.791997069627201,0.08489682539682539,3.5125252525252524,0.030398953850471377,144
3,0.793654356287145,0.08423015873015872,3.510707070707071,0.030390108751473802,145
3,0.7938119745129772,0.07275396825396824,3.505252525252525,0.019645537648718094,146
3,0.7950371144221681,0.07275396825396824,3.4886868686868686,0.007987318524693662,147
1,0.8005305997265827,0.07275396825396824,3.494949494949495,0.020663514674834165,148
10,0.8039126847138879,0.07334126984126983,3.4820202020202022,0.017609909930783332,149
4,0.8051050733976463,0.07400793650793651,3.474747474747475,0.022816468454859715,150
9,0.8053322326441604,0.07710317460317459,3.4802020202020203,0.03538614629963151,151
13,0.8084003768244887,0.07710317460317459,3.4884848484848483,0.022003719250747383,152
4,0.8108611620224767,0.07710317460317459,3.494141414141414,0.026369393553433942,153
8,0.8122251782842387,0.07643650793650793,3.5183838383838384,0.03501334156866948,154
3,0.8172931724244392,0.07662698412698411,3.52,0.03501219932496558,155
12,0.8176904161101138,0.08096031746031747,3.538989898989899,0.03889871729586927,156
3,0.8196159984455311,0.08096031746031747,3.5597979797979797,0.054853583484023576,157
1,0.8209397635344092,0.07962698412698412,3.5953535353535355,0.052716384788989795,158
1,0.8238769744948387,0.07972222222222221,3.597777777777778,0.048493478122634305,159
3,0.8242440847467898,0.07905555555555555,3.5907070707070705,0.05383505708463564,160
3,0.8245657965285378,0.07905555555555555,3.5884848484848484,0.05235149021575545,161
15,0.8248131384510066,0.07905555555555555,3.5864646464646466,0.05124403123928481,162
4,0.8250570083708781,0.08038888888888888,3.592323232323232,0.05335335801237937,163
10,0.8295694720900635,0.08005555555555555,3.587878787878788,0.07827521385535886,164
1,0.8303190906370496,0.08005555555555555,3.5913131313131315,0.07607861565133328,165
15,0.8307237076119681,0.07972222222222221,3.594949494949495,0.07526302849490805,166
4,0.8322886307737708,0.07960317460317459,3.5939393939393938,0.07525715993721094,167
4,0.8330250692393808,0.07960317460317459,3.5997979797979798,0.0768359394780887,168
14,0.8335088370348266,0.07896031746031745,3.604242424242424,0.08710743777691259,169
5,0.8355690136147911,0.07960317460317459,3.608888888888889,0.10169108648596303,170
11,0.8356102819389409,0.08241269841269841,3.623838383838384,0.09951143528236857,171
15,0.8386397089292669,0.07779365079365079,3.6204040404040403,0.09706188458211999,172
2,0.8387442981584121,0.07779365079365079,3.6226262626262624,0.09704080266540865,173
3,0.8391866061308996,0.08079365079365078,3.6193939393939396,0.09779688323907672,174
4,0.8396665290503188,0.06976984126984126,3.60969696969697,0.10221339613783084,175
4,0.8398254703313063,0.07043650793650792,3.6175757575757577,0.10561380322905112,176
10,0.8413624684646118,0.0761984126984127,3.6204040404040403,0.10710051065556807,177
8,0.8417318090449413,0.07581746031746031,3.624848484848485,0.11840828019975588,178
8,0.8427812655195587,0.07600793650793651,3.6307070707070705,0.12101383974333936,179
2,0.8428436179589065,0.07600793650793651,3.646060606060606,0.1210966607781493,180
7,0.8430411536136493,0.07581746031746033,3.6353535353535356,0.1244529978137842,181
3,0.8435758708081872,0.07581746031746033,3.6472727272727274,0.12241473108123471,182
2,0.8438261581049362,0.07784126984126984,3.6905050505050503,0.12200389925242477,183
2,0.843847650060091,0.07765079365079365,3.687070707070707,0.12970589194819016,184
8,0.8444693017175655,0.07698412698412699,3.69010101010101,0.12725203452454778,185
4,0.8454736463198587,0.07565079365079366,3.696161616161616,0.1385985480568046,186
2,0.8470067868475549,0.07565079365079366,3.681212121212121,0.1395383346291251,187
2,0.8501643091643025,0.07565079365079366,3.6775757575757577,0.14264222945644708,188
1,0.8511866296436648,0.07557142857142858,3.658181818181818,0.1384538400762492,189
3,0.8531134199410376,0.07557142857142858,3.6634343434343433,0.1383100951860197,190
7,0.853366887299391,0.07701587301587302,3.6947474747474747,0.13599892818621676,191
1,0.8536096341759682,0.07634920634920635,3.6951515151515153,0.1429238904042253,192
9,0.8557566452036935,0.0552063492063492,3.685656565656566,0.14804278149299446,193
8,0.8564189423986723,0.05482539682539683,3.6783838383838385,0.14834823153824991,194
5,0.8567797117285342,0.0534920634920635,3.6783838383838385,0.15567011499602307,195
8,0.8571639231342894,0.05651587301587302,3.7040404040404042,0.17084901369641278,196
1,0.8589866971515984,0.05584920634920636,3.71979797979798,0.1702967338485475,197
1,0.8621981656433297,0.05584920634920636,3.728282828282828,0.17502378555422637,198
7,0.8637191674619389,0.05584920634920636,3.767878787878788,0.17566516781367297,199
13,0.8655621000413771,0.05518253968253968,3.744242424242424,0.1759553557489486,200
2,0.8661225208495805,0.05475396825396825,3.752121212121212,0.17581687688046263,201
8,0.8664982060355909,0.05467460317460317,3.7456565656565655,0.18009242112230248,202
3,0.8668359865114568,0.05562698412698412,3.7507070707070707,0.17638692734767333,203
4,0.8680433971573065,0.057626984126984124,3.7533333333333334,0.1761722613886375,204
1,0.8681541178580835,0.0582936507936508,3.7406060606060607,0.18486656638554044,205
15,0.8694238868680221,0.059960317460317464,3.736969696969697,0.18251099018612024,206
1,0.8696800197788797,0.06015079365079365,3.724242424242424,0.1817151220430502,207
1,0.8697798396868384,0.05996031746031745,3.7311111111111113,0.16445758939481642,208
2,0.8710647138387522,0.06162698412698411,3.750909090909091,0.1659512042505781,209
5,0.8711667059629363,0.06143650793650792,3.7391919191919194,0.1659762166312391,210
7,0.8713785711511874,0.06143650793650792,3.7436363636363637,0.19140956128391637,211
30,0.8723372214108202,0.06119841269841268,3.7458585858585858,0.19105494994877223,212
3,0.8724290936010204,0.0644126984126984,3.7377777777777776,0.191096729176665,213
7,0.8725849272483399,0.06611111111111109,3.744242424242424,0.19660719182471864,214
2,0.8731052686051206,0.0677222222222222,3.7533333333333334,0.19692900082994813,215
7,0.8753162105147214,0.0677222222222222,3.743030303030303,0.20239526199181687,216
10,0.8754071558834379,0.07234126984126982,3.752727272727273,0.20194109110474148,217
3,0.8762497785289196,0.07351587301587299,3.7583838383838386,0.20470494170226894,218
7,0.8778432515160587,0.07284920634920632,3.76,0.20469989353703466,219
1,0.8778884477863353,0.07340476190476189,3.756767676767677,0.20128116383762942,220
4,0.8789331667421759,0.07340476190476189,3.748282828282828,0.2043813297541485,221
4,0.8791841226883639,0.07356349206349204,3.7751515151515154,0.20481587343402305,222
6,0.8793125323398074,0.07563492063492062,3.793939393939394,0.2185227692736845,223
5,0.8816519747320263,0.07555555555555554,3.7967676767676766,0.21644580473932784,224
7,0.8823601089339661,0.07531746031746031,3.7955555555555556,0.212109943141228,225
1,0.8824172078639413,0.07523809523809523,3.824242424242424,0.2217607625808644,226
5,0.8848937517078393,0.07523809523809523,3.824242424242424,0.2212619145497182,227
12,0.8854426033217019,0.07649999999999998,3.8434343434343434,0.20151181633322052,228
12,0.886747387157911,0.07649999999999998,3.8315151515151515,0.201340702562238,229
12,0.8885098763945258,0.07767460317460316,3.8363636363636364,0.20219160651993584,230
6,0.8887627137374227,0.07767460317460316,3.843232323232323,0.21542516149895563,231
3,0.8909036308547637,0.0760079365079365,3.846868686868687,0.22630906421845648,232
3,0.8924427238710495,0.07795238095238094,3.858787878787879,0.22154637963547655,233
14,0.8924615962006207,0.07828571428571426,3.867676767676768,0.23671734279076803,234
4,0.8941724514209393,0.07828571428571426,3.8727272727272726,0.2409090113177444,235
8,0.894179953972649,0.07828571428571426,3.8626262626262626,0.23045097105997883,236
1,0.8948123637779505,0.07828571428571426,3.86020202020202,0.22145442529108697,237
11,0.8952128919163902,0.07854761904761903,3.985252525252525,0.2280568517781667,238
5,0.8975963234960249,0.0772142857142857,3.985858585858586,0.24195126937075803,239
16,0.8989359306884878,0.07695238095238092,3.992929292929293,0.24170825686516562,240
6,0.8996727861971235,0.0767142857142857,3.962222222222222,0.2394112756724634,241
1,0.8998764117551873,0.07804761904761902,3.9466666666666668,0.23603735611140866,242
1,0.9002693784225104,0.07971428571428568,3.9454545454545453,0.2096353857134135,243
8,0.9014982582935199,0.07971428571428568,4.096363636363637,0.2196806759755966,244
8,0.9046414531437649,0.08754761904761907,4.09979797979798,0.21831779778956376,245
1,0.9047559781639486,0.0850952380952381,4.1,0.2167954303479176,246
3,0.9049181282799921,0.0784285714285714,4.097373737373737,0.2277992720077106,247
6,0.9049724123699726,0.0784285714285714,4.3145454545454545,0.23573387136795615,248
4,0.9056308461551599,0.07767460317460316,4.311919191919192,0.23965594143278685,249
9,0.9070009410457677,0.07961904761904759,4.326464646464647,0.25205793770029256,250
2,0.9076082833697585,0.07945238095238093,4.362828282828283,0.2564681379180514,251
9,0.9133276791269296,0.07747619047619046,4.362626262626263,0.25823643017467096,252
9,0.9133909590265328,0.07735497835497834,4.351313131313131,0.2681349449927874,253
19,0.9134232366033271,0.07735497835497834,4.354949494949495,0.26714553389419365,254
22,0.9134356459516421,0.07735497835497834,4.354343434343434,0.2632047275344699,255
2,0.9139506799973051,0.07788672438672437,4.35010101010101,0.259588026198281,256
2,0.9143003960466938,0.07945815295815294,4.346868686868687,0.2598091832839497,257
5,0.9148815320379305,0.07974386724386721,4.318989898989899,0.2571653676394963,258
1,0.9157861834567804,0.07954545454545452,4.316767676767677,0.2568422750867684,259
4,0.9159643037986719,0.07798989898989897,4.318383838383839,0.25658835637717997,260
5,0.91617957237215,0.07791053391053389,4.3262626262626265,0.25468936780735096,261
21,0.9169433940665072,0.07791053391053389,4.324646464646465,0.2540108375924222,262
9,0.9171820254000165,0.07810101010101007,4.333131313131313,0.24899829439003485,263
4,0.9172821011327568,0.08004545454545452,4.337171717171717,0.24795825131232618,264
7,0.917429072501019,0.09137878787878786,4.3416161616161615,0.24725136345177298,265
2,0.9176626911030635,0.09137878787878786,4.333333333333333,0.24683174118183915,266
2,0.9180859301197708,0.09138672438672439,4.326666666666667,0.24615190450712665,267
7,0.9183291881950528,0.09091269841269842,4.3262626262626265,0.24341636503189396,268
1,0.9184407209280493,0.09085714285714286,4.311717171717172,0.25387122880377544,269
3,0.918979647928694,0.09252741702741703,4.30969696969697,0.2511719813128069,270
8,0.919077483119023,0.09459884559884561,4.327272727272727,0.24441072679453382,271
4,0.9192769803083775,0.08959884559884561,4.325252525252525,0.2412427891952698,272
7,0.9193676926375236,0.08943722943722943,4.31959595959596,0.2439577661751019,273
4,0.9194151656298662,0.08913564213564212,4.32949494949495,0.2418042880431207,274
8,0.9197986482121986,0.09033405483405482,4.3262626262626265,0.24353121529308658,275
8,0.9198401122741816,0.09633405483405484,4.327070707070707,0.24189568591341426,276
19,0.9201165638037747,0.0981197691197691,4.327070707070707,0.2413933654665388,277
5,0.920337886538584,0.09992929292929294,4.087272727272727,0.23062373825803603,278
5,0.9203989889914463,0.10092929292929291,4.050909090909091,0.23477927510652077,279
1,0.9204751950154364,0.09964646464646464,4.04989898989899,0.2417082314024867,280
8,0.9209011643166308,0.09876767676767675,4.048686868686869,0.243044416410867,281
10,0.9211307857096139,0.09876767676767675,4.038585858585859,0.2419650096266319,282
13,0.9242656909911503,0.09895815295815295,4.041010101010101,0.24254560624202526,283
3,0.924389306620162,0.09813347763347763,4.042020202020202,0.24378376561360224,284
5,0.9246778694990769,0.09813347763347763,4.04989898989899,0.2420188729237014,285
6,0.925083975779247,0.09813347763347763,4.048484848484849,0.2452703832897796,286
11,0.9250859358462467,0.09801443001443001,4.034949494949495,0.24612762765450005,287
7,0.9254261419800384,0.09301443001443,3.917373737373737,0.24488499615342058,288
2,0.9271721556809448,0.09468109668109666,3.9195959595959597,0.24398429423243592,289
1,0.9273606898534964,0.09468109668109666,3.9197979797979796,0.24451557315708383,290
5,0.9276503488396061,0.09301443001443,3.9026262626262627,0.24387495579933774,291
12,0.9282852509265535,0.09337157287157286,3.9515151515151516,0.24618446957520124,292
9,0.9288672357157076,0.09337157287157286,3.9523232323232325,0.24449606977903815,293
2,0.9290201210605198,0.09303823953823953,3.9426262626262627,0.24550354503880162,294
3,0.9290956615036359,0.09352308802308801,3.9096969696969697,0.2512425247888151,295
9,0.9291454992626393,0.0941183261183261,3.9456565656565656,0.26694852807750735,296
2,0.9295716624782518,0.09476911976911975,3.9494949494949494,0.2648510193653097,297
2,0.9298870889298718,0.09270190920190917,3.9484848484848483,0.26532824981379316,298
1,0.9301088675906053,0.09707997557997555,3.944040404040404,0.26848819211982533,299
10,0.931150278392452,0.0986117216117216,3.9282828282828284,0.2697412026810011,300
17,0.9315768383657411,0.10988949938949938,3.9127272727272726,0.26918594894643294,301
1,0.9319031583814492,0.1101016206016206,3.91030303030303,0.268315185397607,302
20,0.9326316347611048,0.11127622377622376,3.9060606060606062,0.27025072054043525,303
7,0.9327035231109095,0.11125241425241424,3.9054545454545453,0.2724710551971527,304
4,0.9330500099025494,0.11238561438561437,3.9046464646464645,0.27067895983905155,305
3,0.9342348329259689,0.11227450327450325,3.8656565656565656,0.2559723536256832,306
3,0.9344574392963098,0.11227450327450325,3.895151515151515,0.24439325850569027,307
11,0.9344643628856588,0.09805228105228102,3.890707070707071,0.23991374579385594,308
2,0.9345812386690605,0.09805228105228102,3.894949494949495,0.23998968838946452,309
12,0.9347654289248373,0.09994044844044842,3.893131313131313,0.23975533971649077,310
10,0.9353272924060347,0.09594044844044841,3.871111111111111,0.2397120850222808,311
38,0.9353409046863465,0.09594044844044841,3.871717171717172,0.24541328876078464,312
3,0.9359635113709204,0.09594044844044841,3.873939393939394,0.24508021957752923,313
6,0.9361119568906425,0.09581923631923629,3.8684848484848486,0.24482757563369137,314
13,0.9365526971067447,0.09589860139860137,3.886262626262626,0.24198660453196652,315
1,0.9382731196162486,0.09523193473193471,3.859191919191919,0.2416729049770039,316
2,0.9384751909478848,0.09354145854145851,3.853939393939394,0.23811730475396153,317
3,0.9387972432527703,0.09568431568431565,3.9614141414141413,0.23693964267358306,318
4,0.9404323826140144,0.09927344877344874,3.948888888888889,0.24262214808367055,319
50,0.9404956611654108,0.0889401154401154,3.9272727272727272,0.2428701870085614,320
5,0.9405739892708684,0.09376118326118324,3.9264646464646464,0.24274222384174135,321
26,0.9405874758100169,0.09237229437229436,3.930909090909091,0.24054510026490838,322
6,0.9407132535861856,0.09170562770562768,3.930909090909091,0.2424351278918039,323
3,0.940749038181804,0.09306277056277054,3.9317171717171715,0.242934308274789,324
48,0.9424810091639677,0.09297419247419243,3.937373737373737,0.24325355811753038,325
5,0.9425914385461694,0.09551387501387498,3.9355555555555557,0.24130448157344936,326
6,0.9429134484694732,0.09614013764013761,3.930909090909091,0.24104155715767428,327
17,0.9430264428703111,0.09302109002108999,3.9323232323232324,0.24095260289572817,328
23,0.9430777908474441,0.09309451659451656,3.923030303030303,0.24034563320220786,329
7,0.9433788042622435,0.09318775668775667,3.946868686868687,0.2650445989755286,330
1,0.9438357135648668,0.09340997890997889,3.947070707070707,0.26526545372008437,331
19,0.9439231603504217,0.08760045510045505,3.9442424242424243,0.26555781159253333,332
14,0.9439518439072276,0.08926712176712172,3.95030303030303,0.2621168693837729,333
6,0.9442575163333424,0.08930752580752577,3.9717171717171715,0.27285026732536205,334
6,0.9449791785161388,0.09006943056943052,3.8159595959595958,0.2733681744916557,335
14,0.9471842261969047,0.09540276390276387,3.8147474747474748,0.27331005108702056,336
10,0.9473163035156033,0.09552181152181148,3.7296969696969695,0.27718306223221884,337
15,0.9476894182831402,0.0937360972360972,3.727272727272727,0.2763248883885528,338
35,0.9477728772341573,0.09340276390276386,3.7303030303030305,0.2762824888289167,339
1,0.9483248064221633,0.09451603951603946,3.744040404040404,0.26321028567774496,340
3,0.9485246880214385,0.09418270618270613,3.74020202020202,0.26514617145067354,341
35,0.9487130496323563,0.09521567321567317,3.7448484848484846,0.26935421107182334,342
5,0.9487698351539875,0.09521567321567317,3.755353535353535,0.2705722710331934,343
5,0.948785120922728,0.10565614940614937,3.757575757575758,0.27068362621950914,344
12,0.9488729031174965,0.1069894827394827,3.7622222222222224,0.2731473122735891,345
11,0.9496854523355177,0.11029395604395602,3.7773737373737375,0.27316047613728445,346
32,0.9497692767557209,0.11051617826617824,3.817171717171717,0.2963369748435306,347
25,0.952992086346775,0.11051617826617824,3.8684848484848486,0.29101070452547506,348
1,0.9530501602862185,0.10509554334554333,3.8684848484848486,0.3074642816748488,349
1,0.9540933037430495,0.1014764957264957,3.862222222222222,0.3074902636339438,350
1,0.9543462103103716,0.11297649572649571,3.8644444444444446,0.304421787238795,351
1,0.9543918318776095,0.10172902097902096,3.8612121212121213,0.29974041204861296,352
13,0.9546448137930937,0.10297505272505271,3.8634343434343434,0.30029972587111403,353
8,0.9546490044176938,0.10363103563103561,3.872121212121212,0.30153995618760515,354
2,0.9547831873209931,0.10548024198024196,3.873131313131313,0.30369028309865664,355
1,0.9552062370213675,0.10548024198024196,3.8727272727272726,0.2994599924671087,356
3,0.9553343968056753,0.09554084804084802,3.8656565656565656,0.29949325531391063,357
1,0.95558926549906,0.09585830835830833,3.8745454545454545,0.32288727117104266,358
7,0.9556184484311078,0.10078687978687975,3.8733333333333335,0.32049824502518387,359
2,0.9557700650797343,0.10707259407259404,3.874949494949495,0.32140869517461645,360
6,0.9559265046961287,0.10836624486624485,3.874343434343434,0.31974433333241,361
9,0.9561701832459302,0.10848254523254522,3.8723232323232324,0.3198133329692439,362
16,0.9562874029171236,0.10981587856587854,3.8705050505050504,0.3179177661977112,363
8,0.9563722697041671,0.1061134976134976,3.87030303030303,0.3171394615109591,364
12,0.9565090164114827,0.10263622488622488,3.8755555555555556,0.3148355666785379,365
27,0.9565224235715067,0.10281327006327005,3.874343434343434,0.3162862813277417,366
18,0.9566644676251781,0.10303305028305028,3.9183838383838383,0.3290279708423819,367
9,0.9571406611607131,0.10517590742590743,3.918787878787879,0.3283737640542812,368
32,0.95738377677843,0.10678196803196804,3.8985858585858586,0.32847564140964264,369
1,0.9574723468102628,0.1048375235875236,3.898787878787879,0.3279971026460822,370
16,0.9575702039206052,0.10436133311133312,3.893939393939394,0.3298747710056226,371
12,0.9578669203355272,0.10415931290931292,3.8842424242424243,0.33074129852644735,372
15,0.9578776360293533,0.1043497890997891,3.8826262626262626,0.3311506088175497,373
20,0.9579224767612098,0.10744502719502722,3.8523232323232324,0.33217077975482906,374
14,0.9579464109922279,0.10744502719502722,3.8492929292929294,0.3306447046613891,375
2,0.9581932256607454,0.11117590742590744,3.856969696969697,0.3306068779558261,376
18,0.9581938286070739,0.11141400266400268,4.017373737373737,0.3350356616028529,377
15,0.9604336060816321,0.11274733599733601,4.016161616161616,0.3325441009966285,378
6,0.9604439763734683,0.11108066933066933,4.020808080808081,0.3327267643064898,379
17,0.9604596891811412,0.10855916305916306,4.026060606060606,0.3328070512718825,380
4,0.9605338546308725,0.10471717171717172,4.027070707070707,0.33257942910082583,381
16,0.9607731837211713,0.10523890162125457,4.017373737373737,0.33230155595843247,382
33,0.960821843106175,0.10523890162125457,4.003636363636364,0.3328118941330995,383
85,0.961056632954743,0.09507827629886453,4.017575757575758,0.3311801289147399,384
1,0.9611843425073083,0.09154723054723055,4.026666666666666,0.3258099120395903,385
4,0.9613531822454734,0.0910008325008325,4.025050505050505,0.33377060243516005,386
1,0.9615035011525687,0.09090279328514622,3.945858585858586,0.3215522599031168,387
2,0.9619921298200674,0.09121581359816654,3.9446464646464645,0.3224805252190981,388
25,0.9620558865789353,0.0908824802648332,3.956161616161616,0.30770728987613344,389
32,0.9620595602562187,0.09494597232832529,3.955151515151515,0.30484245872086674,390
16,0.9621022323966475,0.0822793056616586,3.9537373737373738,0.30611654483304673,391
2,0.9622763681216742,0.08229817568052862,3.9363636363636365,0.30655827760470616,392
16,0.9624608814702723,0.08063150901386196,3.9363636363636365,0.3060787874911782,393
19,0.9625697240060193,0.07778108166343459,3.9363636363636365,0.30828036394961283,394
11,0.9626203354128013,0.07889219277454569,3.9345454545454546,0.32048882986522204,395
42,0.9628882626283607,0.08289219277454571,3.936161616161616,0.3204957154272823,396
9,0.963219781153158,0.07574933563168855,3.935151515151515,0.3179888063600385,397
32,0.9639883810984554,0.07574933563168855,3.9474747474747476,0.31687741869705294,398
19,0.9641209202239188,0.07408266896502189,3.952121212121212,0.31618287475636814,399
13,0.9642718711926014,0.07408266896502189,3.9557575757575756,0.31898591877603494,400
40,0.9645019531091562,0.07241600229835524,3.951111111111111,0.3172058595144152,401
2,0.9645801820790062,0.07340434728670023,3.951919191919192,0.31919328826543697,402
33,0.9646129668734844,0.08435462739874504,3.944848484848485,0.33822087168790743,403
4,0.9647342797110707,0.0841172536613713,3.947070707070707,0.33774361357268284,404
18,0.9647554830952555,0.08530772985184748,3.9442424242424243,0.3383856019894445,405
19,0.9648114092150424,0.08530772985184748,3.944848484848485,0.34858010095987835,406
11,0.96499289021787,0.09234069688481451,3.9460606060606063,0.351207629943848,407
16,0.9651175951258366,0.09680223534635297,4.042828282828283,0.3512905309617683,408
1,0.9679978720941238,0.0944359349800526,4.041818181818182,0.35130475538977285,409
58,0.9681193052005709,0.1054359349800526,4.04080808080808,0.34620591199123846,410
3,0.9681629229168747,0.10562641117052879,4.037373737373738,0.35808613380528737,411
1,0.9682455956835464,0.10618318772730534,4.021010101010101,0.35900031423306344,412
5,0.9684825582649318,0.10727293131704893,4.024242424242424,0.358061693321315,413
13,0.9687510125326778,0.11774912179323942,4.022828282828283,0.3696176815505592,414
28,0.9688224388067165,0.11776932381344145,4.031515151515151,0.3689395037763485,415
66,0.968824257888503,0.11815821270233035,4.0359595959595955,0.3678702250999679,416
29,0.9689224381922587,0.11787538441950206,4.017777777777778,0.3709454860752675,417
25,0.9690281289973569,0.11942300346712113,3.975151515151515,0.3718705248455228,418
1,0.969589129673565,0.11966109870521636,4.0206060606060605,0.3854186722909764,419
12,0.9697073261272434,0.12093887648299413,4.031919191919192,0.39076964122246693,420
1,0.9697504417558365,0.12214450418862181,4.03010101010101,0.3893048697205278,421
73,0.969852331070644,0.12547783752195518,4.030707070707071,0.3909641420176529,422
23,0.9701280510868386,0.12556858011269778,4.036363636363636,0.3982701012231081,423
5,0.9707022438631068,0.12750458854870622,4.035555555555556,0.3985431057025544,424
95,0.9707585098924149,0.1270213952713953,4.0618181818181816,0.4132658258597152,425
15,0.9709866755039425,0.1270213952713953,4.061414141414142,0.417565801826056,426
1,0.971135829079617,0.12222319347319348,4.0593939393939396,0.4152038397241001,427
7,0.9713123559127701,0.11189108114108114,4.06040404040404,0.41491776637011424,428
7,0.9714169608069676,0.10522441447441447,4.05959595959596,0.4151219467157293,429
3,0.9716713719735791,0.11086727161727161,4.06,0.4132974912504315,430
12,0.9717490730851099,0.107272533022533,4.053737373737373,0.41414378939455565,431
8,0.9718741572906995,0.1076743534243534,4.055353535353535,0.41645004110962663,432
21,0.9718957664659874,0.11324578199578195,4.056161616161616,0.41637142454972353,433
29,0.971927174282566,0.11380530580530579,4.054343434343434,0.4252112825416925,434
2,0.9719899278305647,0.11547197247197244,4.057575757575758,0.42829796541035925,435
25,0.9724716043588977,0.10713863913863911,4.057171717171717,0.4224552720556769,436
8,0.9724739825607878,0.10047197247197244,4.0377777777777775,0.4218697712834019,437
21,0.9725756521074485,0.10080530580530576,4.045050505050505,0.4327955898114762,438
16,0.9727073453798503,0.09871006771006768,4.044444444444444,0.4280643782363377,439
1,0.9727644051090757,0.09807514707514706,4.027676767676768,0.43016271112166465,440
1,0.972980343483393,0.09912126762126759,4.02929292929293,0.4317735037746337,441
46,0.9730182647530584,0.09975618825618822,4.045656565656565,0.42919397922704133,442
4,0.973226208347385,0.10199568405450753,4.039595959595959,0.42816565214856034,443
5,0.9732890697196479,0.10199568405450753,4.039595959595959,0.42710168752344596,444
8,0.9734159107944873,0.10183084888967237,4.020808080808081,0.43968021985801387,445
10,0.9734529607247373,0.10452854008736356,4.021414141414142,0.44067083370111504,446
52,0.9734754454064527,0.10712072567954917,4.022020202020202,0.44059296785361923,447
5,0.9735118680306977,0.10312072567954916,4.021616161616161,0.4406027380403714,448
28,0.9735805579860902,0.10438473128179007,4.026060606060606,0.44172795342998916,449
11,0.9736028364298196,0.1057180646151234,4.025656565656566,0.44276673033473674,450
7,0.9736737954279939,0.10649656389362266,4.026666666666666,0.44541230204593896,451
7,0.9737304986001063,0.09594894484600365,4.031313131313131,0.4454484782433434,452
45,0.9738430847940733,0.09197275436981317,4.031313131313131,0.44318239461960796,453
9,0.9739506259870173,0.09272013280836808,4.0088888888888885,0.4433883350158688,454
7,0.9740553045365792,0.09311695820519347,4.00969696969697,0.44362345922092716,455
3,0.9741235325567872,0.09300229509053035,4.008686868686869,0.4433223791593362,456
36,0.974169527033751,0.104668961757197,3.9927272727272727,0.44356663406181424,457
14,0.9742162386150163,0.10220492579316102,3.992929292929293,0.44123353773397966,458
1,0.9744346690934016,0.1017763543645896,4.028484848484848,0.43596646368914066,459
2,0.9745009131904948,0.10510968769792296,4.028888888888889,0.4363432429459175,460
6,0.9746098249953246,0.10387159245982773,4.02949494949495,0.4360735263289652,461
15,0.974648652585807,0.1050249925513083,4.0224242424242425,0.4333274282244258,462
4,0.9746897425095042,0.10177896080527656,4.022020202020202,0.43251956127983154,463
22,0.9746936859677622,0.10177896080527656,4.02020202020202,0.4313092887469874,464
71,0.9747893225257249,0.1093461158724316,4.02020202020202,0.4326196093797555,465
8,0.975002335253395,0.11525087777719353,4.0218181818181815,0.42848409563658635,466
38,0.9751813685375912,0.11344135396766973,4.025050505050505,0.4284118024748693,467
13,0.9752299235292146,0.11336198888830465,4.01070707070707,0.4366437120081553,468
1,0.9752663044476272,0.1163076543339701,3.9961616161616162,0.4427750587162765,469
19,0.9755420498677428,0.11606955909587487,3.9894949494949494,0.4472001761302359,470
7,0.9756712090750372,0.1154028924292082,4.008484848484849,0.4444666357081339,471
52,0.9759522161356936,0.10518311220942797,4.011919191919192,0.4509772189681076,472
1,0.9761750679307353,0.10488078588078585,4.00989898989899,0.45394865585989946,473
2,0.9762408819389873,0.1152141192141192,4.015757575757576,0.44616639385603385,474
30,0.9764564080555465,0.12732156732156732,4.014141414141414,0.44835499304975557,475
144,0.9764853685938674,0.12865490065490065,4.0064646464646465,0.4404050442258611,476
30,0.976614425721264,0.1288415853152695,4.027474747474748,0.4408421077971016,477
4,0.976635360611696,0.12446929094297515,4.017979797979798,0.44004021924372433,478
1,0.9766568228420932,0.1264931004667847,4.017575757575758,0.44385334599829274,479
31,0.9768885673536754,0.12850775248143673,4.016767676767677,0.4574279250449535,480
45,0.9774490623634423,0.12850775248143673,4.01050505050505,0.4626102892770423,481
3,0.9774965312160855,0.12875522722891145,4.01010101010101,0.4633821255470388,482
14,0.9775477719305327,0.12875522722891145,4.005454545454546,0.46343412663793127,483
20,0.9776036777578307,0.13021676569044993,4.0076767676767675,0.4591340796153263,484
6,0.9777579316976329,0.1340010369747212,4.013535353535354,0.458555188902934,485
30,0.977915222240581,0.13533437030805454,4.0094949494949494,0.4595294462477716,486
13,0.9779648935954183,0.13618285515653938,4.0088888888888885,0.475438133588592,487
6,0.979375926305229,0.13562729960098385,4.006262626262626,0.47791130246772445,488
18,0.9793796766812651,0.1352939662676505,3.9913131313131314,0.4804595786246793,489
24,0.9794619268851201,0.13381777579146004,3.9923232323232325,0.4826137365982802,490
70,0.9795758764244272,0.1337758732495575,3.9983838383838384,0.4799330362872576,491
37,0.9796164888945975,0.13414217361585784,3.9931313131313133,0.4780492803196555,492
23,0.9796383568463674,0.1344993164730007,3.9983838383838384,0.4779877663812653,493
2,0.9797263945994619,0.1294993164730007,4.015757575757576,0.4793968997811641,494
38,0.9797382744482142,0.1294993164730007,4.015757575757576,0.48048720519724264,495
25,0.9797899779760835,0.1310261229998072,4.013131313131313,0.48006498622840327,496
6,0.9799725182511724,0.14115456438985852,4.017373737373737,0.48122278992008677,497
12,0.9799975549210101,0.1415009696186167,4.01979797979798,0.4822271073205184,498
5,0.9800362034434017,0.14309410687351864,4.018383838383838,0.48520307629537357,499
1,0.980043177627632,0.14467286145227326,4.024242424242424,0.48562289264801745,500
39,0.9802165535087128,0.14461730589671767,3.9761616161616162,0.48440248170182193,501
2,0.9803549895607605,0.1444402607196725,3.9694949494949494,0.4846391330571892,502
52,0.9804193214135474,0.1447199809993928,3.985050505050505,0.4804622518120926,503
34,0.9804350334589036,0.14619617147558325,3.986060606060606,0.47959220301159916,504
5,0.9805187771461568,0.1418628381422499,3.987070707070707,0.47702183119475855,505
1,0.9805983309013647,0.14496334676675235,3.981010101010101,0.4751163500796833,506
48,0.9806320698160537,0.1493702095118504,3.9812121212121214,0.47390280691462444,507
13,0.9809778254517977,0.15016596114583733,3.9834343434343435,0.4811817470612177,508
31,0.9810725615064168,0.15027040640817735,3.9767676767676767,0.48104944452005244,509
95,0.9810962794661088,0.15079505135387491,3.9602020202020203,0.48029576141348546,510
30,0.9811963961976405,0.1554985700573936,3.96,0.480383465793744,511
41,0.9812040247051735,0.1635791561379797,3.9626262626262627,0.49153277619165303,512
67,0.9812519641157804,0.15918088773971129,3.962828282828283,0.4897947675958437,513
10,0.9812664034184418,0.15508564964447316,3.9616161616161616,0.4902650624829311,514
37,0.9813687540742164,0.1573249658837894,3.965858585858586,0.4935596623588971,515
1,0.9815685287475892,0.14510274366156714,3.9816161616161616,0.4930453977883687,516
12,0.9816289195204335,0.1449375624375624,3.99010101010101,0.49253700875139744,517
17,0.9816387086248596,0.1447470862470862,3.9876767676767675,0.4912742076516229,518
83,0.9816397237952673,0.14817998667998666,3.978787878787879,0.4933492070483945,519
40,0.9817090294306344,0.14858474858474854,3.971919191919192,0.4975983951163118,520
55,0.9817552564612649,0.14691808191808187,3.9872727272727273,0.49688062994046783,521
42,0.9817659804505829,0.1514130314130314,3.9854545454545454,0.4961387216223886,522
14,0.9819194364203543,0.13907969807969806,3.9864646464646465,0.5080603270468133,523
15,0.9819829524895793,0.13672688422688417,3.9856565656565657,0.5065761766948869,524
13,0.9820907154085321,0.1368198926677187,3.973333333333333,0.5022080084171682,525
68,0.9822354857392314,0.13515322600105203,3.973939393939394,0.5028700564708005,526
7,0.982266385797031,0.13515322600105203,3.925050505050505,0.5017462549631913,527
8,0.9822848726563218,0.14515322600105204,3.9254545454545453,0.5027686336803344,528
14,0.9824855386782017,0.14681989266771872,3.892929292929293,0.5038806628731204,529
50,0.9825882214266334,0.14681989266771872,3.850909090909091,0.5013843470368697,530
19,0.9826744381112376,0.1518905997384258,3.8505050505050504,0.5005558875016031,531
28,0.9827138996598959,0.1517794886273147,3.8482828282828283,0.5015378942601018,532
71,0.9827165319412668,0.1515890124368385,3.855959595959596,0.5007581363414512,533
38,0.9827670736177994,0.14492234577017185,3.876969696969697,0.5013242016403613,534
2,0.9827907039205412,0.14514212598995205,3.892929292929293,0.5105874618858605,535
1,0.982893719211033,0.14700674325674326,3.8923232323232324,0.5174560698818755,536
17,0.982941449018861,0.14672147297147298,3.893131313131313,0.5175383824325496,537
38,0.9829418109114277,0.1480384892884893,3.8884848484848487,0.5194631156067149,538
77,0.9829797068139433,0.14824087024087024,3.9094949494949494,0.510697555427916,539
22,0.9830369568050824,0.1507971472971473,3.9094949494949494,0.5108833704284393,540
12,0.9830373698281283,0.14913048063048062,3.947070707070707,0.5150218234933225,541
42,0.983168694056754,0.15274952824952823,3.9464646464646465,0.5154676588514975,542
13,0.9833813317125432,0.15322571872571872,3.9456565656565656,0.5155109998041786,543
104,0.9835822179391972,0.15340154290154287,3.9557575757575756,0.5109343133649022,544
7,0.9835930559924563,0.15340154290154287,3.9438383838383837,0.5104165583192927,545
47,0.9836492163994107,0.153012654012654,3.9446464646464645,0.5090355890378164,546
22,0.9836583359798847,0.153029748029748,3.9456565656565656,0.5091648165342381,547
15,0.9836912112990848,0.15369641469641468,3.9115151515151516,0.5131623171547713,548
70,0.983783004903804,0.15206149406149405,3.911717171717172,0.5131248090988576,549
26,0.9837932225204516,0.1521347541347541,3.9274747474747476,0.5236011224475821,550
4,0.9838855305681407,0.1534125319125319,3.8967676767676767,0.5283994280323665,551
8,0.9839095822963686,0.15349911199911198,3.922020202020202,0.5256111036549288,552
25,0.9839152200108513,0.15588800088800087,3.9226262626262627,0.5259210252616844,553
7,0.9839192936885048,0.15832939282939282,3.9216161616161616,0.5256444523551502,554
27,0.9839431693213524,0.15725796425796423,3.918989898989899,0.5255426769386985,555
5,0.9839609508438831,0.15422333222333218,3.9183838383838383,0.5242072742575117,556
44,0.9840021849581851,0.14208047508047503,3.901818181818182,0.5205119403306873,557
41,0.9840270681907051,0.14271683871683868,3.8983838383838383,0.5202786560658513,558
14,0.984072089100651,0.14271683871683868,3.8975757575757575,0.5185617287108306,559
43,0.9841313381084547,0.14252491952491947,3.910707070707071,0.5175616516163147,560
15,0.9841455265629412,0.141020091020091,3.9,0.5167156355227631,561
52,0.9841540847050907,0.1459681429681429,3.9002020202020202,0.5142031219999729,562
2,0.9841783419494483,0.14530147630147625,3.9002020202020202,0.5142599892567743,563
13,0.9841826736092383,0.14489743589743584,3.8927272727272726,0.515904962053694,564
14,0.9842056852920382,0.13942124542124537,3.892929292929293,0.5118673030114693,565
35,0.98490002914821,0.13918315018315014,3.8834343434343435,0.510787550668702,566
39,0.9850241628399791,0.14102664002663998,3.882020202020202,0.5108568334721099,567
19,0.9851461589711803,0.14211122211122207,3.8816161616161615,0.5121645573927003,568
10,0.9851880033897228,0.1418485958485958,3.8856565656565656,0.509256651706656,569
7,0.9852894363879418,0.14144455544455542,3.8771717171717173,0.5120302362851882,570
1,0.9853271428339505,0.13741858141858138,3.877979797979798,0.5100026305073943,571
26,0.985359875729069,0.13779953379953377,3.874747474747475,0.5104048466346287,572
16,0.9853695977114248,0.13845289975724756,3.8652525252525254,0.5096634741653604,573
3,0.9854152440602265,0.13865154169501992,3.8573737373737376,0.5078677857513014,574
4,0.9854926888593178,0.13808011312359136,3.8565656565656568,0.5081582417027115,575
5,0.9855098077155219,0.15215444338270426,3.8626262626262626,0.5092102752560976,576
15,0.9855415064163082,0.15048777671603758,3.8452525252525254,0.5081878714293225,577
21,0.9855683964293421,0.1538099055675782,3.8442424242424242,0.507998170288253,578
14,0.9856124888191793,0.15415023190790456,3.8313131313131312,0.5109820094345949,579
18,0.9856411836336562,0.1611740414317141,3.8319191919191917,0.5185312782194653,580
48,0.9857028167948391,0.16284070809838075,3.8315151515151515,0.5173673031552182,581
52,0.9857198824187534,0.16407838925780105,3.8088888888888888,0.5200146476170435,582
40,0.9857729742263924,0.16402399920341101,3.804040404040404,0.5201214647385111,583
43,0.9858097388282465,0.16302277820219,3.8048484848484847,0.5221889502146213,584
47,0.9858196959223978,0.16368944486885667,3.8044444444444445,0.5201199989421321,585
30,0.98610448653817,0.16370409688350868,3.807878787878788,0.5195446518755439,586
92,0.9861124518696964,0.16288591506532688,3.794343434343434,0.5196696618662926,587
46,0.9861971737348362,0.16338591506532688,3.785050505050505,0.5202626452055717,588
5,0.9863365840564653,0.1601234138410609,3.786060606060606,0.5194504337501273,589
3,0.9863731206696802,0.15445674717439423,3.7864646464646463,0.5184383106008754,590
9,0.9864017701358542,0.15412341384106087,3.767878787878788,0.5201728154331093,591
7,0.9864024734701808,0.15377542849307554,3.726060606060606,0.5182874857595092,592
34,0.9866409064971294,0.1538133905310376,3.74020202020202,0.5250184288343056,593
31,0.9866428516226138,0.15340213511978218,3.744040404040404,0.5243991703571202,594
45,0.9866464176122247,0.15020885780885776,3.750909090909091,0.5237690462317988,595
25,0.986681383556548,0.14704274059274056,3.7496969696969695,0.5163349610665369,596
22,0.9867361774405139,0.15109951714951714,3.751313131313131,0.5163838639012884,597
8,0.9867699474377357,0.15092369297369296,3.7345454545454544,0.5192490242566521,598
24,0.9868667878776608,0.14854274059274059,3.7375757575757578,0.5179929165912733,599
12,0.9868722074200486,0.15119192474192475,3.734949494949495,0.5170468922393981,600
3,0.9869041961920555,0.15117360972360971,3.70020202020202,0.515973249865282,601
124,0.9869700047248271,0.15125337799455446,3.6995959595959595,0.5170913386031807,602
133,0.9869890797819422,0.15125337799455446,3.6985858585858584,0.5162077152382494,603
1,0.987011070230534,0.15125337799455443,3.681212121212121,0.5190573842277948,604
158,0.9871043468409844,0.15184212258329902,3.675959595959596,0.5201093543082353,605
46,0.9871065724039797,0.15284212258329902,3.675959595959596,0.5190121842350647,606
27,0.9871539303863367,0.1560325987737752,3.6694949494949496,0.5197486224449884,607
55,0.9872247171005857,0.15184786128903774,3.670909090909091,0.5194145225274094,608
94,0.9872297653106874,0.15213172557290203,3.6626262626262625,0.5190120414031499,609
9,0.9872898541106472,0.15046505890623535,3.6628282828282828,0.5182062408598884,610
58,0.987343618681445,0.14494811288928935,3.6636363636363636,0.5130044092623934,611
17,0.987405539547405,0.14540329496211848,3.656767676767677,0.5154712801284055,612
7,0.9874201940350097,0.1571305676893912,3.639393939393939,0.5165966242886731,613
86,0.9874459816756852,0.15727753183635534,3.630909090909091,0.5176453375583632,614
34,0.987466842538318,0.15668229374111725,3.631111111111111,0.5164699025043179,615
21,0.9874814777515788,0.15671403977286327,3.6486868686868688,0.5148465103120218,616
43,0.9874867080189313,0.1561604892928422,3.648888888888889,0.5144906395262879,617
10,0.9875153592102532,0.15641317090775292,3.6395959595959595,0.5150178089320362,618
88,0.9875175541448661,0.15974650424108627,3.6218181818181816,0.5160339830319634,619
5,0.9875870006560409,0.15586822499825595,3.627878787878788,0.5161242733060445,620
22,0.9876086235311188,0.16588954420765567,3.6232323232323234,0.5285318314339228,621
16,0.9879933770207415,0.17514351246162388,3.6062626262626263,0.529180557204181,622
62,0.9880014418793461,0.17649882381693524,3.5961616161616163,0.5314029830982225,623
17,0.9881048158356414,0.17651347583158725,3.6404040404040403,0.5258142490780688,624
2,0.9881241456337142,0.17651347583158727,3.6573737373737374,0.5213446187781682,625
125,0.9882098622347821,0.17766462353149656,3.6644444444444444,0.5216567524069711,626
125,0.9882544801118162,0.17764997151684456,3.61979797979798,0.5272773267229739,627
48,0.9882548638630819,0.17764997151684456,3.6214141414141414,0.5273341176102401,628
1,0.9882554532108281,0.17336425723113028,3.605050505050505,0.5269523144186169,629
12,0.9883046147326657,0.1630894034299607,3.592929292929293,0.5250826770502579,630
8,0.988327891329285,0.16316489129492223,3.5866666666666664,0.5241183083758738,631
62,0.988374479446362,0.1630740457799281,3.593737373737374,0.5241985483640753,632
12,0.9883771857820841,0.16240737911326147,3.5939393939393938,0.5228449468921071,633
31,0.9884967878968256,0.16240737911326147,3.5935353535353536,0.5224684242248813,634
74,0.9885833897227622,0.1597671674730498,3.5939393939393938,0.5222920979224629,635
72,0.9886461105754186,0.1587626545567722,3.5939393939393938,0.5229374131290387,636
23,0.9886498086442534,0.158728107404578,3.6,0.5234761362169547,637
23,0.9886991825889596,0.1676454743513567,3.5824242424242425,0.5240843919642884,638
1,0.9887070022623847,0.15754548991313697,3.58,0.5326213697934858,639
17,0.9891068069877631,0.15840737911326147,3.5935353535353536,0.5338370374675071,640
14,0.9891224529158231,0.1652420861761633,3.5864646464646466,0.5343672432976001,641
39,0.9891650990987039,0.16500399093806803,3.5862626262626263,0.5373090137279701,642
21,0.9892183110640976,0.1642658956999728,3.581818181818182,0.5359722980173114,643
5,0.989261028460006,0.1604443463905939,3.5745454545454547,0.5317143688391737,644
6,0.9892743169652246,0.16405473600098347,3.5743434343434344,0.5322638442554274,645
34,0.9892883870372264,0.1633880693343168,3.5761616161616163,0.5299592636279675,646
7,0.9893059581167774,0.17224947753396028,3.577777777777778,0.5318222911949965,647
70,0.9893648572987384,0.17579659708107984,3.5797979797979798,0.5311057872287737,648
3,0.9893652687839687,0.18079659708107987,3.597171717171717,0.5302626811466022,649
9,0.9893979525075266,0.18079659708107987,3.597171717171717,0.534085376414233,650
6,0.9895079156170697,0.17448887702335975,3.595959595959596,0.5340634358709975,651
50,0.9895615543997744,0.1762908250753078,3.61010101010101,0.534517393450587,652
62,0.9896217137035617,0.1736288481633309,3.6105050505050507,0.5336974562408883,653
31,0.9896749567235197,0.1733788481633309,3.6232323232323234,0.5291353588399698,654
48,0.989678914960338,0.17683122911571186,3.6222222222222222,0.5294068410934974,655
13,0.9897286931192926,0.17645027673475946,3.6234343434343432,0.5267017197123336,656
27,0.9897390064064588,0.17850953931126345,3.617777777777778,0.5312038526555071,657
23,0.9897611442769063,0.17866209427264196,3.613737373737374,0.5314866426381881,658
4,0.9897988541963586,0.17825183786238555,3.6163636363636362,0.5283174417692431,659
16,0.9898820498386194,0.18863356724411492,3.6163636363636362,0.5316458913607113,660
122,0.9899479250541078,0.18144309105363873,3.6161616161616164,0.5318285108577117,661
155,0.9900017470510634,0.17980023391078157,3.6161616161616164,0.5307034638998286,662
17,0.9900476990336144,0.17465918721801074,3.6246464646464647,0.5307554820597268,663
8,0.9900817317264572,0.17547736903619257,3.6244444444444444,0.5296678566252501,664
69,0.9901110651373919,0.17059549165431517,3.624040404040404,0.5301116065206052,665
21,0.9901419121300046,0.1711140101728337,3.603030303030303,0.5323185753720343,666
109,0.9901779077314703,0.1705372127872128,3.6373737373737374,0.551263467652575,667
38,0.9905138350796752,0.1705372127872128,3.637979797979798,0.5512209494933056,668
17,0.9905392193650641,0.17176737151737154,3.638181818181818,0.5512726922574036,669
26,0.9905551271474757,0.1716298053798054,3.6646464646464647,0.5480942529542195,670
82,0.9905623117283339,0.1722474524386289,3.6298989898989897,0.5526465233684098,671
181,0.9907298733494982,0.160340248531425,3.6363636363636362,0.5516427692787965,672
36,0.990737652182616,0.1567212009123774,3.637171717171717,0.5530076982617801,673
71,0.9907557870473754,0.1566479408391173,3.636767676767677,0.5530482143041936,674
2,0.9907816941142802,0.15711258730376376,3.635959595959596,0.5536892827088692,675
9,0.990799474485958,0.15716752038810863,3.625252525252525,0.5522337331599249,676
71,0.9908218884405946,0.15879290738501264,3.58969696969697,0.5572565848969586,677
12,0.9908894174970835,0.15870764781699442,3.5973737373737373,0.5573576706738163,678
43,0.9909268123455832,0.15384524393734916,3.5828282828282827,0.5536728092760659,679
18,0.9909445048007057,0.15389815399025922,3.6044444444444443,0.5499595876710768,680
119,0.9909659284173741,0.1540886301807354,3.5993939393939396,0.5494804916156291,681
33,0.9909833412739047,0.1545353778774831,3.591919191919192,0.5498802978495215,682
60,0.9910112619947715,0.15501156835367358,3.5886868686868687,0.5462436128994836,683
107,0.9910559071368991,0.1536517799938852,3.5886868686868687,0.5452084739050992,684
32,0.9910668306683855,0.1551279704700757,3.606868686868687,0.5435859209286305,685
81,0.9910959121743207,0.1554262160841108,3.5793939393939396,0.5546160164413034,686
26,0.9911378706835069,0.1554262160841108,3.5787878787878786,0.5597918158671884,687
34,0.991152239473691,0.15481151596941067,3.577979797979798,0.5581705390154463,688
26,0.9911540972912699,0.152118394276289,3.578181818181818,0.5586846477595826,689
65,0.9911949463556075,0.15345172760962233,3.5886868686868687,0.5496036483314611,690
1,0.9912553850368635,0.16192290555448452,3.5884848484848484,0.5502266655532491,691
49,0.9912774225404911,0.16180926919084815,3.5874747474747473,0.5501626930184439,692
14,0.9912907798538938,0.17196438769941494,3.567070707070707,0.5505123163834735,693
69,0.9913131806582781,0.17196438769941494,3.567070707070707,0.5503706325936925,694
86,0.9914118223286459,0.17125372097150682,3.566666666666667,0.5492476120201152,695
47,0.9914148222871887,0.17428149874928459,3.566666666666667,0.5490836625927938,696
4,0.9914228745177462,0.17454215037835727,3.530707070707071,0.5486007440882953,697
131,0.9914455490513534,0.17144752278372966,3.530707070707071,0.5476587586150002,698
29,0.9914518161965138,0.17344752278372966,3.530707070707071,0.5462917475957322,699
51,0.9914554881031977,0.17351813033709582,3.52989898989899,0.5460344654938746,700
89,0.9914888115177521,0.17318479700376252,3.525252525252525,0.5512532477860969,701
56,0.9915635494161237,0.1741847970037625,3.524848484848485,0.5512918507717907,702
42,0.9915796595715182,0.17409713466610013,3.5183838383838384,0.5517264719332154,703
36,0.9915897591910002,0.17524398781295333,3.517777777777778,0.551835564839026,704
64,0.9915962308020405,0.17524398781295333,3.5167676767676768,0.5513243723795709,705
18,0.9915963883720708,0.17557732114628663,3.5183838383838384,0.5505638230281451,706
60,0.9915993263481974,0.17557732114628663,3.534949494949495,0.5494356206640028,707
33,0.9916194281311767,0.17436303543200093,3.535151515151515,0.5498689712160456,708
20,0.9916207081230362,0.17427068333964887,3.541818181818182,0.5569227231686613,709
104,0.9916296146494343,0.17104292259464673,3.5436363636363635,0.5561885411257533,710
3,0.9916366876669429,0.1664998105342933,3.5432323232323233,0.5554893759182707,711
13,0.9916809068422191,0.16411597215045493,3.543838383838384,0.5535571238995668,712
11,0.9916970777124933,0.16320754724203002,3.5703030303030303,0.5552053805363578,713
73,0.9917180093273043,0.1633885444057858,3.5705050505050506,0.5537078137877712,714
144,0.9917832047985397,0.1599978240150654,3.570909090909091,0.5531661199451746,715
22,0.9917838457648399,0.1603311573483987,3.5707070707070705,0.5531815907647746,716
33,0.9917926244698494,0.16004877306601442,3.569090909090909,0.5530671553859237,717
14,0.9917972801583589,0.16514166867615146,3.5694949494949495,0.5534127600796093,718
73,0.9918115641861869,0.1633749909094737,3.5733333333333333,0.5507264600054392,719
132,0.9918465364824872,0.1633749909094737,3.5828282828282827,0.5523074437189445,720
21,0.9918522576944689,0.164708324242807,3.580808080808081,0.5506729936898307,721
116,0.9918525329098484,0.16411236464684742,3.581212121212121,0.5493092966044064,722
142,0.9918859934274459,0.16523357676805955,3.563838383838384,0.5496179345258548,723
161,0.9919100250872271,0.1660357745702573,3.561818181818182,0.5494293411609192,724
14,0.9919136744759273,0.16974334477782754,3.560808080808081,0.5493587780052668,725
132,0.9919383778851151,0.16974334477782754,3.5573737373737373,0.549746617153896,726
6,0.9919791430404782,0.1706004876349704,3.556767676767677,0.552129163389306,727
14,0.9919800603831374,0.17064594218042495,3.5733333333333333,0.5502817572872415,728
218,0.9919890114324468,0.1728562596407424,3.5735353535353536,0.5502613869303536,729
138,0.9919992686827848,0.173469313253796,3.5804040404040403,0.5486937492300955,730
50,0.9920101242558147,0.17522999701447975,3.5795959595959594,0.5486222278102812,731
27,0.99201529129736,0.17510878489326764,3.5591919191919192,0.5508920105401308,732
52,0.9920327103027687,0.17450561029009304,3.5317171717171716,0.5539463307394034,733
95,0.9920443263135539,0.17550561029009304,3.532121212121212,0.5568456213608043,734
15,0.9920816887767347,0.17300055978504253,3.547070707070707,0.5626524061379526,735
43,0.9921334346012933,0.17796592775041054,3.5282828282828285,0.5629171607973079,736
96,0.9922353765465736,0.17796592775041054,3.5282828282828285,0.5663662563000788,737
102,0.992265522651589,0.1796325944170772,3.527878787878788,0.5671586164585671,738
75,0.9922710780632339,0.1763468801313629,3.5276767676767675,0.5621433317374914,739
3,0.9922992486182363,0.17998262178434593,3.557979797979798,0.5636234300011225,740
24,0.9923026463221807,0.18179614159786575,3.553737373737374,0.5646812809293082,741
82,0.9923061034171164,0.17512947493119907,3.549292929292929,0.5717681610919927,742
44,0.9923367778046194,0.17412947493119904,3.5494949494949495,0.5719560642405003,743
218,0.9923452610192844,0.1743532511549753,3.5325252525252524,0.5706237369226564,744
52,0.9923861011980537,0.1744443484634639,3.509292929292929,0.5721943091359958,745
124,0.9924513813191859,0.17459955436866978,3.5056565656565657,0.5726392633062289,746
25,0.9924901699176295,0.17459955436866978,3.506262626262626,0.5721806043107912,747
57,0.9924921558715039,0.1743741849105417,3.506060606060606,0.5720731599186081,748
46,0.9925158541649568,0.1837758742174034,3.4917171717171716,0.5716718321502109,749
282,0.9925229634373719,0.18391619042293703,3.466666666666667,0.5794474199327463,750
27,0.9925289337624539,0.18458285708960367,3.458181818181818,0.593267062187836,751
319,0.9925663649632478,0.185916190422937,3.458787878787879,0.5924044809450513,752
32,0.9926035902215036,0.18703879004553664,3.459191919191919,0.5922074876217649,753
71,0.992613594835039,0.18643272943947603,3.457777777777778,0.592864137561273,754
29,0.9926155034018921,0.17837360561311086,3.4642424242424243,0.5930576535551256,755
133,0.9926333472041226,0.17862613086563614,3.4727272727272727,0.5921291311417806,756
71,0.9926545122004052,0.1782058959281598,3.4727272727272727,0.5928290051927022,757
60,0.9926798740143314,0.18062436634663026,3.4727272727272727,0.5940177929292697,758
77,0.9927059516340814,0.1803667905890545,3.4694949494949494,0.5946124099006147,759
217,0.992732374976925,0.17916523065473594,3.4694949494949494,0.5941709566407914,760
5,0.9927438499035692,0.17988240237190767,3.4775757575757575,0.5913342821577452,761
67,0.9928398504775354,0.18312022010972537,3.467070707070707,0.5917354638292279,762
20,0.9928836050397786,0.18626318825269356,3.4549494949494948,0.5933701672992499,763
60,0.9928921472239294,0.1863941406336459,3.4494949494949494,0.593575195454569,764
39,0.992902980499405,0.18239414063364592,3.4505050505050505,0.5924868130868444,765
40,0.9929073965214398,0.17739414063364592,3.44989898989899,0.592679259061406,766
26,0.992959482580207,0.1838157092610969,3.417777777777778,0.5888913413643332,767
2,0.9929712709841407,0.18596722441261207,3.4363636363636365,0.5890533610663038,768
42,0.9930203067147922,0.18582470843186077,3.4349494949494948,0.5892970035106638,769
28,0.9930492740228277,0.18263995201181024,3.430707070707071,0.5890327335198617,770
97,0.993090001593164,0.18386217423403245,3.43030303030303,0.589980614317941,771
2,0.9931081555228064,0.18251304297313653,3.429090909090909,0.5900748575505068,772
15,0.9931102340404819,0.17669083070264835,3.438787878787879,0.590892776870028,773
56,0.9931123649003007,0.1781453761571938,3.4244444444444446,0.5851907401082787,774
52,0.99312699767794,0.17771680472862236,3.4264646464646464,0.583379046104621,775
22,0.9931689323169934,0.17670703671885438,3.428080808080808,0.5824414189331606,776
4,0.9931710662663591,0.17564444413902042,3.4272727272727272,0.5821119215999114,777
51,0.9931745919621134,0.17508500357957985,3.3816161616161615,0.5881016091887514,778
215,0.993266012267832,0.17895313544771171,3.381010101010101,0.587358850451937,779
24,0.9933027051326296,0.17728646878104504,3.381414141414141,0.5852604800981066,780
37,0.9933144491655894,0.17698343847801476,3.3812121212121213,0.58711995738826,781
71,0.9933226896077545,0.18067876613885964,3.3725252525252527,0.5861570210930644,782
23,0.9933228416316333,0.18072451777284657,3.367272727272727,0.5861900262930465,783
36,0.9933272982283932,0.17760330565163443,3.3901010101010103,0.5926123158252767,784
1,0.9933326794771218,0.18134881023305233,3.385858585858586,0.593417826823638,785
67,0.9933476102092805,0.1802197231475224,3.3765656565656568,0.5924106985862806,786
173,0.9933842919134811,0.17855305648085576,3.3765656565656568,0.592417756633672,787
41,0.99339713763078,0.17058335951115883,3.3937373737373737,0.5896832844160094,788
16,0.9935307192935874,0.16694170896569702,3.3896969696969697,0.5886994119639635,789
25,0.9935365880002276,0.16491473593872397,3.3905050505050505,0.587785475607272,790
12,0.9935412929816305,0.16491473593872397,3.390909090909091,0.5887318315815107,791
375,0.9935425151278644,0.16466400129325248,3.3874747474747475,0.5887949063719026,792
20,0.9935603459008375,0.17450451166007863,3.3866666666666667,0.588973487536717,793
99,0.9935653028293119,0.1724779785037814,3.4016161616161615,0.5884481233946448,794
293,0.9935786039960129,0.1755173618367219,3.411111111111111,0.5892572202843941,795
464,0.9935814174185599,0.1755173618367219,3.410707070707071,0.5883122729770145,796
250,0.9935868330876781,0.1732461987892431,3.4105050505050505,0.5886162275852622,797
22,0.9936017676782125,0.17479778609083038,3.4105050505050505,0.5887324460897317,798
2,0.9936040827661778,0.1750355483285926,3.4155555555555557,0.5889217938592931,799
259,0.9936113474421002,0.18003554832859262,3.415151515151515,0.5889871690913361,800
6,0.9936322543404529,0.1821455392148993,3.415151515151515,0.5899114351203185,801
4,0.9936349345351746,0.18240548616450142,3.4008080808080807,0.5894847364541912,802
66,0.9936364844026961,0.18107215283116804,3.4008080808080807,0.5909362461130813,803
30,0.993641736744205,0.1797994255584408,3.424848484848485,0.5861103816552979,804
47,0.9936515019524731,0.17992723070348726,3.4246464646464645,0.5845416447520801,805
40,0.9936666833396586,0.17259389737015401,3.4238383838383837,0.5803438482104568,806
54,0.9936767566342397,0.1725573404606388,3.426262626262626,0.5813141106792599,807
6,0.9936787571550555,0.17714841605171439,3.425858585858586,0.5822514938837873,808
37,0.9936833455514889,0.17758797649127486,3.4327272727272726,0.5786077718503476,809
381,0.9937015979737168,0.1677816994349978,3.4327272727272726,0.5785237713609783,810
19,0.9937366166809588,0.16388952647385932,3.431919191919192,0.5785502474494552,811
20,0.9937471310632969,0.16372269330702616,3.4234343434343435,0.578972998184389,812
280,0.9937533805666049,0.16392832101265384,3.406262626262626,0.580833459798699,813
154,0.9937567948679913,0.16449974958408242,3.4052525252525254,0.5800007776057335,814
47,0.9937811708834882,0.16196006704439989,3.405050505050505,0.58023710508992,815
95,0.9937867615739393,0.16327021197193609,3.3864646464646464,0.5825838464125415,816
390,0.993790518267342,0.16493687863860276,3.386262626262626,0.5823047559562252,817
37,0.993798688312657,0.16655896080480256,3.3854545454545453,0.5825077849502749,818
381,0.9938042495397704,0.1671098765557183,3.361010101010101,0.588200424768194,819
3,0.9938154481466525,0.16622892417476592,3.383030303030303,0.5873253898885246,820
35,0.9938243223515922,0.15793599488183663,3.3842424242424243,0.587142418892799,821
31,0.9938307137235789,0.15104701876122287,3.3925252525252527,0.5854656832482891,822
10,0.9938363352592658,0.15118030029450438,3.3848484848484848,0.5854201296954982,823
352,0.9938691836838727,0.14817026294623176,3.385050505050505,0.5844011876024674,824
63,0.9938874158083694,0.14721952614818526,3.386060606060606,0.5846687198613318,825
28,0.9938889024937957,0.15055285948151856,3.404848484848485,0.5835906008567302,826
173,0.9939263879381774,0.16072142941732992,3.403232323232323,0.5843803978853995,827
74,0.9939327588305147,0.1594605812184012,3.4026262626262627,0.5837893239742139,828
321,0.9939711502893472,0.15444804560586559,3.4208080808080807,0.579006689248497,829
36,0.9939783185607359,0.14836447884582823,3.4214141414141412,0.579586181244942,830
51,0.9939815152304781,0.1490240300226208,3.4216161616161616,0.5821836956047474,831
96,0.9939882621793452,0.14934704343851346,3.4204040404040406,0.5824948331910722,832
366,0.9940006972970812,0.14933388794441424,3.423636363636364,0.5828990839085015,833
99,0.9940233423385924,0.14800055461108091,3.4044444444444446,0.5850359483227644,834
126,0.9940235476277796,0.14569799050851678,3.405050505050505,0.5869408453842917,835
297,0.994037211216889,0.14600121179703218,3.404848484848485,0.5866255590568368,836
17,0.9940472432127003,0.14633454513036553,3.405858585858586,0.5874036996310348,837
320,0.9940797086234447,0.14718302997885038,3.388080808080808,0.5887538693552457,838
39,0.994117211942131,0.14548695154747782,3.38989898989899,0.587385056450864,839
119,0.9941278475805455,0.14557353163405792,3.3767676767676766,0.5900275679281112,840
163,0.9941291255745338,0.14488738444791072,3.3767676767676766,0.589956049884932,841
175,0.9941298426287546,0.14531884187936817,3.375959595959596,0.5904566959269224,842
163,0.9941317012449484,0.14246880010827373,3.3741414141414143,0.5909567375357526,843
7,0.9941378472367504,0.14255970919918284,3.373939393939394,0.5905886192927957,844
184,0.9941552363841127,0.1616092134494881,3.3585858585858586,0.5930184050317646,845
120,0.994218050461779,0.16352028064316393,3.326868686868687,0.5942570364922339,846
43,0.9942289988329059,0.16269620656908984,3.326868686868687,0.5926575439915039,847